Location,Area
Kharghar,720
Kharghar,600
Kharghar,650
Kharghar,665
Kharghar,2000
Kharghar,1550
Sector-13 Kharghar,1370
Kharghar,1356
Kharghar,1680
Kharghar,980
Kharghar,1000
Kharghar,1060
Kharghar,1095
Kharghar,1155
Kharghar,1150
Sector 18 Kharghar,1250
Kharghar,990
Kharghar,1078
Kharghar,680
Kharghar,2470
Kharghar,2100
Kharghar,2200
Kharghar,2235
Kharghar,1025
Kharghar,950
Kharghar,895
Kharghar,1114
Kharghar,1197
Kharghar,1380
Kharghar,1050
Kharghar,1240
Kharghar,1110
Kharghar,1160
Kharghar,555
Kharghar,700
Kharghar,646
Kharghar,560
Kharghar,670
Kharghar,740
Kharghar,636
Kharghar,1635
Kharghar,1500
Kharghar,1850
Kharghar,610
Kharghar,655
Kharghar,660
Kharghar,1800
Kharghar,1645
Kharghar,1395
Kharghar,1200
Kharghar,615
Kharghar,765
Kharghar,1760
Kharghar,1415
Kharghar,1685
Kharghar,1650
Kharghar,1390
Kharghar,1590
Kharghar,1716
Kharghar,1100
Kharghar,1147
Kharghar,1300
Sector 20 Kharghar,600
Kharghar,550
Kharghar,570
Kharghar,640
Kharghar,1700
Kharghar,1530
Kharghar,1750
Kharghar,1687
Kharghar,1400
Kharghar,1780
Kharghar,625
Kharghar,1475
Kharghar,759
Kharghar,620
Kharghar,745
Kharghar,580
Kharghar,1845
Kharghar,1585
Kharghar,1350
Kharghar,1075
Kharghar,735
Kharghar,1505
Kharghar,1630
Sector 18 Kharghar,1455
Kharghar,1098
Sector 15 Kharghar,1210
Kharghar,1440
Kharghar,1370
Sector 18 Kharghar,1022
Sector 20 Kharghar,1550
Kharghar,1675
Kharghar,900
Kharghar,1088
Dombivali,375
Churchgate,1200
Prabhadevi,1717
Jogeshwari West,750
Kalyan East,525
Malad East,1200
Virar East,420
Virar East,540
Virar East,415
Virar,650
Malad West,1100
Borivali East,1105
Malad East,2600
Mira Road East,700
Goregaon West,1296
Goregaon West,1638
Goregaon West,1465
Borivali East,700
Goregaon West,2030
Malad West,1450
Kandivali West,800
Kandivali West,1500
Kandivali West,1100
Kandivali West,1962
Borivali East,950
Kandivali West,1440
Kandivali West,1200
Borivali West,1785
Goregaon West,775
Kandivali West,765
Goregaon West,910
Goregaon West,640
Malad East,1264
Kandivali West,1056
Kandivali East,1810
Goregaon West,1656
Goregaon West,3888
Borivali West,2030
Andheri East,1114
Goregaon West,3585
Goregaon East,1404
Goregaon East,1620
Malad East,2780
Malad East,1672
Borivali East,1250
Borivali East,1840
Malad West,1170
Kharghar,310
Wadala,1245
Wadala,1153
Ulwe,573
Ulwe,1100
Ulwe,1135
Malad West,560
Dahisar,1150
kandivali,1054
Goregaon,1695
Goregaon,1579
Goregaon,2153
Goregaon,1872
Goregaon,1717
Goregaon East,1675
Malad East,1457
Bhandup West,425
thakur village kandivali east,560
Santacruz West,1200
Kanjurmarg,575
Borivali East,400
Kandivali East,300
I C Colony,400
Dahisar W,650
Malad East,1600
Marol,860
Parel,1320
Lower Parel,1200
Worli,2826
Lower Parel,2880
Jogeshwari East,997
Jogeshwari East,1038
Malad West,600
Chembur Shell Colony,400
Central Avenue,2800
Chembur East,1400
Diamond Market Road,1500
Mulund,1412
Nalasopara West,545
raheja vihar,585
raheja vihar,1000
Powai Lake,1050
MHADA Colony 20,1014
Goregaon East,900
Tolaram Colony,600
Tolaram Colony,700
Taloja,1550
Thane West,5245
Vangani,529
Sector 20 Kharghar,530
Sector 5 Ulwe,1260
Sector12 New Panvel,1260
Sector 17 Ulwe,1150
Sector 17 Ulwe,690
Sector9 Kamothe,1240
Sector 19 Kharghar,1260
Sector 5 Ulwe,1240
Navi Basti,1265
Sector12 Kamothe,1260
Sector 21 Kamothe,1255
Sector 19 Kharghar,1055
Sector 5 Ulwe,1060
Navi Basti,1238
Sector12 Kamothe,1150
Sector12 Kamothe,1165
Sector9 Kamothe,1080
Sector12 Kamothe,1470
Sector9 Kamothe,610
Sector12 Kamothe,1180
Sector9 Kamothe,1735
Sector 17 Ulwe,1230
Sector 17 Ulwe,599
Sector9 Kamothe,980
Sector9 Kamothe,1654
Sector 17 Ulwe,1665
Sector 17 Ulwe,1640
Sector 17 Ulwe,1650
Taloja,980
Rutu Enclave,730
taloja panchanand,1020
Virar West,1075
Chembur,1600
Chembur,715
Chembur,1016
Chembur,1000
Chembur,1100
Sector 20 Kamothe,578
Sector 22 Kamothe,650
Sector 21 Kamothe,600
Sector 22 Kamothe,600
Sector 18 Kamothe,625
Sector-5 Kamothe,560
Sector-6A Kamothe,580
Sector 11 Kamothe,530
Sector-18 Ulwe,650
Sector 21 Kamothe,1450
Sector-12 Kamothe,380
Navi Basti,400
azad nagar,620
Chembur,1250
Sindhi Society Chembur,1067
Chembur,1200
Kurla,780
Sahkar Nagar,1020
Deonar,671
Kharghar,1360
Kandivali East,1600
Kharghar,1250
Taloja,750
Taloja,450
Taloja,410
Lower Parel,1168
Thane,516
Jankalyan Nagar,900
Badlapur,600
Badlapur,575
Ambarnath,675
Ambarnath,660
Ambarnath,640
Ambernath West,690
Vakola,900
Jankalyan Nagar,1150
Jankalyan Nagar,350
Jankalyan Nagar,950
Kamothe,620
Kamothe,980
Kamothe,950
Sector 17 Ulwe,890
Kamothe,619
Kamothe,710
Kamothe,887
Kamothe,1005
Kamothe Sector 16,660
Sector 17 Ulwe,650
Kamothe,650
Kamothe,638
Kamothe,675
Kamothe,1006
Kamothe,420
Kamothe,850
Kamothe,900
Kamothe,940
Kamothe,1000
Kamothe,1100
Kamothe,600
Sector 17 Ulwe,350
Almeida Park,900
Khar,700
Bandra West,850
Pali Hill,800
15th Road,800
Palghar,770
Chembur,989
Sector13 Kharghar,550
Sector 20 Kharghar,416
Kharghar,510
Kharghar,305
Kharghar,1251
Kharghar,989
Kharghar,850
Sector 21 Kharghar,1500
Sector 12 Kharghar,650
Kharghar,1560
Sector 21 Kharghar,350
Kharghar,1770
Kharghar,1230
Kharghar,450
Santacruz West,780
Vivek Vidyalaya Marg,550
Goregaon West,510
Goregaon West,1270
Vasai east,558
Nahur,1237
Badlapur West,715
Thane West,1179
Thane,495
Panvel,570
Kalyan,575
Badlapur East,675
Ambernath West,634
Mira Bhayandar,580
Malad West,1185
Goregaon West,2665
Malad West,1305
Malad West,995
Malad West,1014
Juhu,756
Kalyan,670
Naigaon East,500
Ambarnath,673
Mira Road East,650
Ulwe,735
Sector 21 Ulwe,952
Bandra East,1141
Dronagiri,1150
Nerul,1250
Karanjade,650
Karanjade,690
Karanjade,670
Karanjade,654
Karanjade,630
Karanjade,635
Sanpada,1750
Sanpada,1250
Sector-18 Ulwe,687
Sector-8 Ulwe,1310
Dronagiri,690
Dronagiri,1070
Ulwe,540
Sector-3 Ulwe,3000
Sector-3 Ulwe,1500
Sector-3 Ulwe,1440
Dronagiri,704
Dronagiri,688
Sector 17 Ulwe,667
Dronagiri,625
Sector 23 Ulwe,650
Ulwe,610
Ulwe,1560
Nerul,2130
Sector 17 Ulwe,665
Dronagiri,1155
Dronagiri,1120
Sector 17 Ulwe,1000
Sector 23 Ulwe,690
Sector 17 Ulwe,655
ULWE SECTOR 19,650
Ulwe,1220
Ulwe,700
Ghodbunder Road,547
Juhu,1435
Dronagiri,650
Dronagiri,665
Dronagiri,675
Panvel,1250
Karanjade,625
Karanjade,530
Karanjade,395
Karanjade,1090
Karanjade,1010
Bhiwandi,568
Vasai,1107
Nala Sopara,605
Nala Sopara,850
Vasai,778
Bhiwandi,802
Nala Sopara,570
Bhiwandi,829
Mira Road East,710
Bhiwandi,1227
Bhiwandi,1108
Bhiwandi,1032
Bhiwandi,985
Bhiwandi,880
Nala Sopara,709
Nala Sopara,534
Nala Sopara,965
Nala Sopara,730
Vasai,930
Vasai,650
Dadar East,2350
Dahisar,650
Ghatkopar,1462
Ghatkopar,676
Worli,2904
Breach Candy,1500
Wadala,1638
Wadala,1701
Wadala,2376
Wadala,2061
Wadala,1431
Kandivali West,1050
Andheri East,1260
Worli South Mumbai,1413
Andheri East,2016
Asangaon,574
Thane,507
Koparkhairane Station Road,1151
Thane,550
Thane,565
Thane,547
Thane,556
Thane,950
Thane,600
Thane,800
Thane,275
Koparkhairane Station Road,1050
Koparkhairane Station Road,1155
Sector 17 Ulwe,1350
Kopar Khairane Sector 19A,1760
Koper Khairane,1650
Koparkhairane Station Road,725
Kanjurmarg,1300
Thane,1065
Thane,530
Kandivali West,600
Eastern Express Highway Vikhroli,1245
Magathane,1257
Magathane,1175
Magathane,1053
Rawal Pada,1052
Ambernath East,730
Dokali Pada,650
Magathane,650
Dattapada,1050
Dattapada,1250
Magathane,1150
Magathane,1450
Magathane,1550
Magathane,1075
Magathane,1350
Dattapada,1350
Magathane,1650
Rajendra Nagar,1350
Dattapada,950
Dattapada,1300
Dattapada,600
Magathane,1165
Magathane,1357
Dattapada,1500
Magathane,1050
Magathane,950
Magathane,1100
Dattapada,1100
Rajendra Nagar,1150
Magathane,585
Magathane,1250
Kulupwadi,950
Kandivali East,1170
Kandivali East,1014
Kandivali East,764
Kandivali East,820
Samata Nagar Thakur Village,1350
Mira Road and Beyond,654
Mira Road and Beyond,400
Mira Road and Beyond,450
West Amardeep Colony,1100
Pant Nagar,385
mumbai,1346
Mira Road and Beyond,810
Mira Road and Beyond,700
Mira Road and Beyond,1417
Mira Road and Beyond,783
Mira Road and Beyond,770
Mira Road and Beyond,750
Mira Road and Beyond,1180
Mira Road and Beyond,565
Four Bungalows,850
Four Bungalows,450
no 9,1350
Dattapada,1200
Dattapada,850
Rajendra Nagar,1100
Kandivali East,560
kolshet,1000
Hiranandani Meadows,1580
Hiranandani Meadows,1345
Badlapur,505
Kalpataru,1225
kolshet,1026
Thane,900
Kharghar,852
Thane West,1157
Malad West,874
Khar,969
Khar,950
taloja panchanand,1115
taloja panchanand,690
Petali,422
kolshet,936
kolshet,576
Borivali East,600
Borivali East,907
Kamothe,1175
Kharghar Sector 34C,1525
Bhandup West,543
Wadala,1267
Wadala,1735
Ghatkopar East,3410
Malad West,1850
Mumbai Agra National Highway,702
Dahisar,566
Malad West,1310
vasant vihar thane west,506
Thane West,509
Kalyan West,950
Shirgaon,685
Kandivali East,2415
Pokhran 2,900
Sector 20 Kharghar,1440
Mira Road East,820
Nala Sopara,590
Kharghar,1600
Kharghar,1140
Kharghar,1502
Kharghar,1325
Kharghar,1725
Kharghar,1256
Kharghar,2030
Kharghar,1810
Kharghar,1210
Kharghar,3275
Kharghar,3205
Kharghar,1305
Kharghar,1660
Kharghar,1130
Kharghar,1482
Kandivali East,1890
Kanjurmarg,484
juhu tara,2200
Mira Road and Beyond,320
Goregaon East,1618
Kandivali East,1475
Kandivali East,1350
Borivali West,1300
Malad West,970
Kandivali East,1786
Kandivali East,1920
Kandivali East,400
Peddar Road,2000
Bhandup West,640
Bhandup West,510
Ulwe,650
Palm Beach,1175
Mira Road East,661
Goregaon West,1500
Lower Parel,5476
Sector 21 Kamothe,619
Sector 21 Kamothe,1250
Sector12 Kamothe,995
Sector12 Kamothe,1700
Sector 18 Kamothe,1420
Sector 19 Kharghar,1100
Sector 20 Kharghar,1080
Sector 22 Kamothe,410
Sector 20 Kharghar,650
Sector 10,925
Sector 20 Kharghar,1200
Sector 19 Kamothe,1160
Panvel,1005
Kamothe,1255
Sector 20 Kamothe,1256
Tilak Nagar,1150
Kamothe,1236
Kamothe,1700
Kamothe,1003
Kamothe,653
Kamothe,1575
Kamothe,1089
Vasai,1296
Ghatkopar West,2014
Tardeo,1503
Thane West,1903
Napeansea Road,1376
Worli,3600
Mahalaxmi,1706
Nala Sopara,686
Thane West,1005
Kalyan West,1220
Borivali East,1189
Dahisar West,1000
Nerul,1100
Nerul,650
Sector-3 Ulwe,1055
Sector-3 Ulwe,710
Mulund West,417
Natakwala Lane,999
Borivali East,1080
Kandivali West,1300
Taloja,1100
Taloja,738
Link Road,900
Borivali East,1500
Borivali West,900
Devidas Cross Lane,800
Soniwadi Road,900
Haridas Nagar,900
Shimpoli,900
TPS Road,1200
Off Shimpoli road,900
Wadala,510
Borivali West,670
Mahalaxmi,2710
Worli,800
Lower Parel,1388
Worli,1100
Worli,3638
Worli,1700
Prabhadevi,1700
Kandivali East,2450
Kandivali East,1165
Rustomjee Global City,450
Sunil Nagar,900
Sector 30 Kharghar,603
Sector 19 Kharghar,1340
Sector 10,1550
Sector 10,1160
Sector 20 Kharghar,610
Sector 10,860
Sector 20 Kharghar,640
Sector 15 Kharghar,560
Sector 12 A,1260
Sector 19 Kharghar,850
Sector 18,1095
Sector 18,1500
Sector13 Khanda Colony,500
Sector 19 Kharghar,635
Sector16 Airoli,610
Ranjanpada,1065
Sector 15,1251
Sector 35G,1065
Sector 18,1320
Sector 5,1136
Sector 10,1125
Sector 19 Kharghar,1098
Sector 20 Kharghar,1300
Sector 35I Kharghar,735
Sector35D Kharghar,640
Sector 35I Kharghar,1090
Sector 30 Kharghar,800
Sector 12 Kharghar,1300
Sector 20 Kharghar,560
Sector 20 Kharghar,1400
Sector 20 Kharghar,1117
Sector 15,1125
Sector35D Kharghar,675
Sector 20 Kharghar,1100
Sector34 A Kharghar,650
Sector 19 Kharghar,675
Sector16 Airoli,450
Sector 15,560
Sector 30,650
Sector 35G,1075
Sector 36 Kharghar,600
Sector 20 Kharghar,1000
Sector 10,1070
Sector 11 Belapur,1182
Sector 20 Kharghar,911
Sector 15 Kharghar,1125
Sector-34B Kharghar,1025
Dombivali East,555
Dombivali East,600
Dombivali East,550
Dombivali East,950
Kandivali West,1472
Virar East,370
Nerul,715
Roadpali,1771
Goregaon West,1650
Sector-50 Seawoods,1650
Napeansea Road,1340
Ulwe,690
Borivali West,816
Mumbai Highway,810
Sector 36 Kharghar,1000
Thane West,473
Sector 18 Kharghar,1016
Mumbai Highway,785
Sector 18 Kharghar,1290
Sector 35I Kharghar,1227
Sector 7 Kharghar,1630
Sector 18 Kharghar,1200
Mumbai Highway,1500
Worli,2000
Kandivali East,525
Borivali West,540
Panvel,525
Ghatkopar,1350
Kharghar,1131
Kharghar,800
Kharghar,500
Lokhandwala Township,900
Andheri East,1050
Andheri,1225
Andheri,1100
Goregaon East,1400
Andheri,1000
Andheri,1480
Kharghar,1015
Kharghar,750
Kharghar,1605
Kharghar,1040
Kharghar,1580
Kharghar,1255
Panvel,1133
Borivali East,1423
Malad West,1500
Andheri West,3300
Chembur,440
Sector 20 Kamothe,475
Malad West,750
Shastri Nagar,1050
Wadala East Wadala,2200
Parel,600
Thane West,640
Thane West,657
Thane West,550
Thane West,1309
Wadala East Wadala,680
Wadala East Wadala,880
Wadala East Wadala,690
Wadala East Wadala,950
Haridas Nagar,925
Kalwa,650
PARSIK NAGAR,990
Maharashtra Nagar,610
Pant Nagar,806
Patlipada,1050
Andheri East,655
Santacruz West,1144
mumbai,1200
Belapur,1050
Belapur,1335
Sector-12 Kamothe,1150
Nerul,2120
Sector 12 Kharghar,1150
Nerul,1950
Seawoods,1150
Seawoods,1100
Parel,2670
Thane West,560
Majiwada,1166
Kalwa,600
Kalwa,580
Kalwa,630
Kalwa,620
Kalwa,1056
4 Bunglows,675
mumbai,730
mumbai,2000
Andheri,650
Airoli,400
Airoli,1000
Kolshet Road,675
Kolshet Road,674
Thane West,1733
Kolshet Road,673
Kolshet Road,690
Sector 10 Khanda Colony,1530
Pokharan Road,768
Kharegaon,488
Kalwa,711
Kalwa,560
Kalyan,7000
Pokhran 2,768
Kalwa,488
Panch Pakhadi,448
Panch Pakhadi,971
Kalwa,770
Kalwa,1145
Thane West,1250
Chembur,1005
Chembur,757
Chembur East,1005
Chembur East,757
Ghatkopar,957
Goregaon,2195
Goregaon,3230
Jogeshwari West,585
Thane West,1650
Mira Road East,620
Malad West,935
Powai Lake,885
MHADA Colony 20,885
Powai Lake,700
Wadala East Wadala,958
Andheri West,997
Goregaon West,546
Karanjade,1015
Sector 36 Kamothe,600
Andheri West,1950
Dombivli (West),480
DN Nagar Road,600
Godrej Hill,534
Ganesh Nagar,730
Godrej Hill,342
Haware City,902
Haware City,1149
Mahatma Gandhi Road,1250
Akurli Nagar,448
Kasar vadavali,1149
Vasai West,935
Mira Road East,655
Mira Road East,645
Malad East,1280
Badlapur West,620
Nala Sopara,600
Mira Road East,440
Mira Road East,245
Kandivali East,745
Mumbai Nashik Expressway,457
Shirgaon,400
Katrap,612
Chembur,800
Chembur,878
Kurla,1077
Nahur,1650
Ambernath East,690
Mulund West,1960
Kalwa,1000
Thane West,575
Lower Parel,2500
Samata Nagar Thakur Village,1800
Samata Nagar Thakur Village,1835
Kandivali East,1667
thakur village kandivali east,1300
Dombivali East,530
Bhandup West,800
Mira Road East,780
Mira Road,650
Bhandup West,550
Mira Road East,800
Kasheli,780
Kasheli,655
Kasheli,630
Kasheli,495
Western Express Highway Kandivali East,1265
Seawoods,900
Kharegaon,425
Kharegaon,400
Kharegaon,450
Tardeo,3000
Goregaon East,545
Goregaon East,340
Vasind,540
KASHELI,560
Thakurli,750
Shakti Nagar,550
Bhayandar East,360
Kandivali West,340
Ulwe,1190
Kharghar,1235
Kandivali West,1129
Kandivali West,839
Thane West,846
Andheri,3025
Andheri,1295
Sanpada,3465
Dahisar East,566
Ghatkopar,1527
Ghatkopar,1188
Ghatkopar West,1188
Goregaon,1012
Goregaon,1950
Malad East,670
Mira Road,1944
Mira Road,972
Mira Road East,1944
Mira Road East,972
Kharghar,612
Kharghar,676
Kharghar,1085
Kharghar,2950
Kharghar,649
Kharghar,630
Kharghar,540
Kharghar,2355
Kharghar,2250
Panvel,687
Panvel,850
ulhasnagar 4,1000
Mira Road East,450
Malad East,1250
Kandivali East,1530
Mira Road East,1340
Mira Road East,850
Mira Road East,965
Borivali East,1560
Goregaon West,1505
Sector-26 Taloja,450
Koproli,670
Worli,1450
Belapur,1267
Airoli,1245
Airoli,1183
Badlapur West,670
mumbai,1000
mumbai,400
Roadpali,500
mumbai,595
mumbai,597
mumbai,598
mumbai,600
Mumbai Central,625
mumbai,630
Chembur,650
Chembur,900
Chembur,2300
Chembur,1400
Chembur East,585
Chembur,1550
Chembur East,1550
Chembur East,1050
Chembur,585
Chembur East,1120
Chembur,632
Chembur,1050
Chembur,1060
Chembur East,1485
Chembur East,1150
Chembur East,675
Chembur,1091
Chembur,620
Chembur,725
mumbai,2700
Mulund,1180
Greater Khanda,410
link road borivali west,1300
Borivali West,495
Manpada,1450
Andheri West,7600
Kalyan East,550
Thane West,880
Andheri East,922
Andheri East,1020
Andheri East,915
Sector12 Kamothe,620
Kharghar,1515
Sector 2 Ulwe,1055
Kharghar,4000
Sector 17 Ulwe,1245
Sector9 Kamothe,1165
Govind nagar,750
Malad East,608
Malad East,550
Krishanlal Marwah Marg,890
Andheri,620
Sector-9 Ulwe,1135
Vikhroli,1010
Parel,1200
Taloja,1005
Taloja,680
Taloja,710
Taloja,690
Taloja,715
Taloja,700
Taloja,670
Taloja,560
Taloja,445
Taloja,1060
Taloja,1064
Taloja,1070
Taloja,995
Taloja,985
Petali,675
Taloja,665
Virar West,575
Virar West,975
Virar West,930
Virar West,750
Virar West,570
Kalamboli,2150
Dahisar,1069
Dahisar,686
Andheri West,1000
Andheri East,650
Vikhroli,1000
Thane West,740
Dombivali,2115
Dombivali,1595
Ghatkopar West,5150
Dombivali,1503
Thane West,1150
Thane West,650
Greater Khanda,1050
Mulund West,585
Chembur,1950
Chembur,2700
Chembur East,1350
Deonar,1426
Lokhandwala,930
Patel Nagar,650
Ulwe,1000
Ulwe,1090
Chembur,666
Chembur,600
Chembur,1070
Chembur,695
Chembur,625
Andheri West,1361
Andheri West,1470
Chembur,765
Ghatkopar East,1556
Chembur East,1850
Chembur East,1270
Chembur East,1073
Chembur East,1250
Chembur,775
Chembur,1252
Chembur,700
Badlapur,675
Jankalyan Nagar,1300
Yari Road,2320
Yari Road,3320
Kamothe,1065
Sector 17 Ulwe,850
Kamothe,610
Kamothe,670
Sector 17 Ulwe,600
Thakur complex,610
Wadala,2695
Naigaon East,510
Naigaon East,565
Mira Road East,1015
Naigaon East,540
Naigaon East,750
Naigaon East,585
Naigaon East,453
Naigaon East,605
Naigaon East,710
Naigaon East,590
Naigaon East,560
Naigaon East,600
Naigaon East,556
Khar West,900
Badlapur West,545
Kandivali West,908
Kandivali West,650
Kandivali West,913
Borivali West,2700
Kandivali West,562
Ulwe,745
Kharghar,635
Sector 11 Kharghar,900
Kharghar,690
Kharghar,1205
Kharghar,1185
Kharghar,1435
Kharghar,1730
Kharghar,390
Mira Road East,1235
Bhandup West,556
Vikhroli,913
Vasai east,540
Ghansoli,400
Sector8 Sanpada,373
Jeejamata Nagar,1050
Shakti Nagar,650
Jeejamata Nagar,815
Goregaon,340
Pandurangwadi,650
Shreyas Colony,550
Kannamwar Nagar II,550
Kannamwar Nagar II,400
gokuldham,450
Bangur Nagar,480
Shivaji Colony,305
Jawahar Nagar,441
Jawahar Nagar,500
Jawahar Nagar,350
Jawahar Nagar,380
Vedant Complex,800
Titwala,645
Kharghar,1195
Ulwe,600
Koparkhairane Station Road,1100
Dombivali,929
Dombivali,791
Malad East,1290
Mira Road East,1540
Naigaon East,925
Ulwe,670
Ulwe,1085
Ulwe,685
Ulwe,693
Ulwe,640
Ulwe,1690
Ulwe,1215
Ulwe,385
Ulwe,1120
Ulwe,1235
Ulwe,980
Ulwe,758
Ulwe,689
Ulwe,648
Ulwe,1595
Ulwe,1250
Ulwe,840
Goregaon West,1250
Ulwe,1045
Ulwe,1350
Ulwe,1511
Ulwe,686
Ulwe,930
Manvel pada Road,765
Thane West,936
Thane West,1810
Thane West,2090
Thane West,1555
Virar,1150
Nerul,1855
Sector-18 Ulwe,1187
Karanjade,585
Nerul,1286
Panvel,640
Ulwe,900
Ulwe,620
Nerul,2703
Dronagiri,645
Dronagiri,880
Dronagiri,600
Sector 17 Ulwe,680
Mira Road East,1055
Virar,1285
Virar,975
Mira Road East,767
Vasai,895
Virar,1030
Vasai,1125
Borivali East,1020
Kandivali West,791
Kandivali West,1505
Borivali West,1627
Thane West,724
Virar East,555
Dombivali,450
Govandi,625
Govandi,650
Koparkhairane Station Road,1150
Kopar Khairane Sector 19A,1100
Kopar Khairane Sector 19A,700
Koper Khairane,1150
Koper Khairane,700
Shilphata Road Thane,885
Mumbai Central,685
Koper Khairane,685
Kolshet Road,850
Vasant Vihar,1200
Vasant Vihar,2150
Vasant Vihar,1109
Vasant Vihar,1902
Kolshet Road,1250
Kolshet Road,1210
Kolshet Road,1050
Vasant Vihar,1300
Andheri West,2450
Thakur Village,1063
Thakur Village,1050
Samata nagar,1300
Thakur Village,1250
4 Bunglows,1350
Thakur Village,1357
Thakur Village,1100
Borivali East,585
Thakur complex,780
Borivali East,1050
Thakur Village,1830
Thakur complex,1100
Thakur Village,650
Thakur Village,1360
Samata nagar,1050
Samata nagar,1100
Panvel,1246
Roadpali,695
Wadi Bandar,950
Kapurbawadi,950
Majiwada,594
Vasant Vihar,508
Thane Belapur Road Kalwa,675
Thane Belapur Road Kalwa,560
mumbai,653
Suburbs Mumbai,550
Thane,1375
Mira Road and Beyond,890
Mumbai Central,530
Mira Road and Beyond,590
Mira Road and Beyond,940
Mira Road and Beyond,1760
Mumbai Central,1115
Mumbai Central,525
Mumbai Nashik Expressway,500
Dombivali East,675
Bhandup West,775
Bhandup West,1225
Andheri West,390
Kandivali East,900
Kolshet Road,779
Ramdev Park,383
kolshet,640
PARSIK NAGAR,770
Manpada,1325
Taloja,695
Kharghar,1083
Kharghar,1364
Taloja,1110
Taloja,1050
Sector-35 Kamothe,1050
Sector 58A Seawoods Navi Mumbai,1900
Mira Road and Beyond,900
Goregaon East,1777
Diva,662
kandivali,820
kandivali,685
Borivali,1155
Borivali,829
Ghatkopar,1805
Ghatkopar,815
Ghatkopar,3410
Ghatkopar,1766
Ghatkopar East,1733
Goregaon,1342
Malad West,1047
Sector 17 Ulwe,980
Thane West,700
Andheri East,620
Andheri East,950
Gundavali Gaothan,1100
Badlapur,571
Andheri East,1356
Mira Road East,750
Badlapur,642
Andheri East,1080
Marol,880
KASHELI,495
Kondivita Road,800
Koldongri,1100
Saki Naka,1242
Mira Road East,675
Jogeshwari West,650
Shirgaon,625
Bhandup West,565
Mira Road East,956
Mira Road East,580
Bhayandar West,680
Bhayandar East,560
Versova,940
Dombivali East,445
Dombivali East,400
Tardeo,3321
Lower Parel,6381
Thane West,2394
Bandra West,2893
Goregaon East,974
Rajendra Nagar,800
Hanuman Nagar,2150
Hanuman Nagar,4200
Central Avenue,1100
worli sea face ,1500
Breach Candy,2305
Sea Face,2500
Shiv Sagar Estate,1225
Grant Road West,1800
Sriprastha,800
Off Nepean Sea Road,600
Sriprastha,840
Sriprastha,900
Morya Nagar,890
Upper Worli,3500
Morya Nagar,620
worli sea Fase,3200
Andheri West,723
Chembur,617
Borivali East,552
Borivali East,845
Kandivali East,1137
Kandivali West,1561
Kandivali West,784
Kandivali West,1550
Sector 22 Kamothe,1560
Kandivali East,340
Kamothe,1098
Kamothe,1310
Kamothe,1109
Powai,2110
Agripada,1165
Sion,5642
Kamothe,1396
Girgaon,1106
IT Colony,790
IT Colony,670
Bhayandarpada,699
Kamothe,1128
Kamothe,1258
Kamothe Sector 16,1245
Kamothe,1101
Sector-8 Ulwe,1532
Sector-18 Ulwe,1515
Sector-18 Ulwe,1175
Sector-3 Ulwe,1585
Sector-3 Ulwe,1220
Sector 5 Ulwe,1220
Sector-18 Ulwe,1655
Sector-18 Ulwe,1150
Sector-18 Ulwe,1100
Sector-18 Ulwe,1600
Sector-24 Kamothe,620
Sector-8 Ulwe,1690
Kamothe Sector 16,1192
Kamothe,665
Sector-18 Ulwe,1470
Sector 17 Ulwe,1040
Sector-8 Ulwe,2900
Sector 36 Kharghar,1475
Phase 2,3400
Sector 36 Kharghar,1500
Sector-18 Ulwe,1055
Sector 30 Kharghar,2200
Sector-18 Ulwe,1129
Sector12 Kamothe,690
Sector35D Kharghar,3000
Sector 6,1585
Sector-18 Ulwe,1180
vasant vihar thane west,1109
vasant vihar thane west,1065
Hiranandani Meadows,1130
Central Avenue,1735
Hiranandani Meadows,1495
Malad West,650
Malad,650
Tardeo,1174
Haji Ali,1466
Tardeo,3168
Mahalaxmi,946
Mira Road East,2963
Ghatkopar West,1203
Sector 19 Kharghar,1250
Kamothe,1125
Majiwada thane,1400
Yogi Hills,850
Hiranandani Meadows,550
Andheri West,1006
Kalyan West,1127
Jogeshwari West,950
Sector 19 Nerul,500
Owale,427
Thane West,384
MG Road,1050
Worli South Mumbai,8511
roadpali navimumbai,1525
roadpali navimumbai,1139
taloja panchanand,1060
taloja panchanand,1025
Taloja Bypass Nitalas Link Road,690
taloja panchanand,670
Navi Basti,1085
Navi Basti,725
Mumbai Highway,1450
Sector 20 Kharghar,1980
Sector 20 Kharghar,1985
Navi Basti,1482
Rasayani,482
Sector 10 Kamothe,1450
Kamothe,555
Santacruz West,1600
Santacruz West,3500
Andheri West,1600
Andheri West,2590
Andheri West,3733
Andheri West,1800
Juhu,2000
Khar West,2600
Khar West,1800
Kalyan West,1065
Kandivali East,510
Kharghar,1079
kavesar,1100
Owale,555
Kalamboli,1221
Roadpali,650
Kharghar,380
Kopara,1171
Mumbai Highway,1503
Sector 20 Kharghar,776
Kharghar,1414
Sector 11 Kharghar,1302
Sector 19 Kharghar,966
Goregaon East,1040
Malad West,585
Seawoods,600
royal palms goregaon east,545
Dronagiri,1365
Andheri West,3140
Goregaon East,526
Goregaon East,937
Goregaon East,1278
Mira Road East,693
Kharghar,1182
Kharghar,1655
Kharghar,675
mumbai,1100
Kharghar,590
Kharghar,911
Kharghar,1117
Kharghar,1125
Kharghar,1090
Kharghar,1463
Kharghar,860
Kharghar,914
Andheri,1120
Kandivali East,999
Dadar West,980
Pokhran 2,550
Mulund West,800
Thane West,545
Majiwada,600
vrindavan society,545
Mira Road East,825
Ulwe,715
Sector 23 Ulwe,1040
Panvel,1000
Kandivali East,860
Dombivli (West),590
Thane West,995
CBD Belapur East,1500
CBD Belapur East,1200
CBD Belapur East,1400
Parel Village,670
Karave Nagar,2080
Sector35D Kharghar,1125
Sector 19A Nerul,600
Antop Hill,650
Antop Hill,1250
Wadala East Wadala,769
Suman Nagar,1010
Wadala East Wadala,698
Antop Hill,1000
Wadala East Wadala,1371
Bhakti Park,1130
Antop Hill,700
Wadala East Wadala,1060
Wadala East Wadala,2600
Pant Nagar,700
Hanuman Chowk,2453
Wadala East Wadala,1543
Wadala East Wadala,1250
Bhakti Park,1135
Lower Parel,1557
CBD Belapur East,960
Bandra East,440
Willingdon,833
Ulwe,1150
Sector 21 Kamothe,620
Dahisar,2730
Dahisar,1361
Dahisar,1250
Dahisar,1850
Dahisar,980
Dahisar,873
Dahisar,1230
Dahisar,1721
VishnuNagar,585
Vichumbe,675
Thane West,1140
Thane West,771
Kandivali West,2000
Vashi,900
Poonam Sagar Complex,990
Santacruz East,5500
Dadar West,1836
Kalyan West,1000
Thane West,1505
Thane West,1570
Thane West,1311
Thane West,1290
Thane West,1170
Thane West,1102
Thane West,963
Thane West,831
Thane West,1209
Thane West,952
Thane West,1011
Thane West,1015
Thane West,1135
Thane West,1065
Andheri West,3080
Andheri West,3780
Andheri West,4650
Thane West,1465
Thane West,950
Mulund East,375
Ghatkopar West,630
Kamothe,1012
Kamothe,1129
Kamothe,1565
Kamothe,630
Kamothe,605
Kamothe,1225
Kamothe,1540
Kamothe,635
Sector-8 Sanpada,1680
Sector-9 Ghansoli,2415
Balkum,600
Hiranandani Estates,840
Majiwada,1209
kavesar,730
kavesar,1200
Vartak Nagar,600
Vartak Nagar,990
Thane West,1100
Balkum,1327
Majiwada,585
Majiwada,800
Vartak Nagar,570
Hiranandani Estates,860
Majiwada,1170
Vartak Nagar,890
Vartak Nagar,1300
Rajendra Nagar,376
Charkop,764
dhanukarwadi,995
Vazira,405
Kalyan West,600
Link Road,400
Haware City,560
Goregaon West,1045
Vasai West,1175
Four Bunglows,550
Borivali West,867
Palava,990
Borivali West,539
Oshiwara Police Station Road,3300
Virar,640
Khar West,1450
Bandra West,1900
Bandra West,1750
Andheri West,1875
Almeida Park,1600
Bandra West,1000
Seven Bunglow,909
Vasai east,285
Malad West,950
Poddar Road,1080
Worli,3498
Kalyan West,755
Badlapur East,430
Kalyan West,413
Kalyan West,465
Kalyan West,610
Kalyan West,650
Kalyan West,430
Kalyan West,485
Dombivali East,686
Badlapur East,500
Kalyan West,660
Kalyan West,455
Ambernath East,466
Kalyan West,450
Kalyan West,790
Badlapur East,441
Badlapur,480
Kalyan West,525
Kalyan West,663
Kalyan West,440
Kalyan West,417
Taloja,650
Malad East,2300
Malad East,720
Taloja,510
Taloja,520
Taloja,490
Taloja,470
Khar West,1225
Khar West,1175
Mira Road East,1095
Mira Road East,695
Mira Road East,875
Worli,1150
Worli,2285
Gulmohar Road,1500
Mahalaxmi,2394
Worli,3150
Worli,2580
Parel,1125
Khar West,3800
Vile Parle E,2250
Pokhran Road No 2,750
Sainath Nagar,1100
Sainath Nagar,1900
Sainath Nagar,1600
Kapur Bawdi,2300
Manpada near Tiku ji ni wadi,2400
Kapur Bawdi,1120
Mira Road East,254
Mira Road East,220
Kolshet Industrial Area,826
PARSIK NAGAR,1050
PARSIK NAGAR,630
PARSIK NAGAR,985
PARSIK NAGAR,650
PARSIK NAGAR,1000
Sector16 Ulwe,650
Seawoods,1205
Thakur complex,1225
Borivali East,900
Kandivali East,1000
Kandivali East,5320
Kandivali East,2590
Kandivali East,1065
Bhandup West,650
Majiwada thane,1102
Mumbai Agra National Highway,1400
Anand Nagar Thane West,1250
Majiwada thane,1100
Majiwada thane,1600
Charkop Sector 8,1014
Thane West,920
Andheri,1450
Andheri,900
Borivali,980
Borivali East,918
Kandivali West,925
Malad East,1232
Malad East,975
Malad East,710
Malad West,840
Vasai,630
Vasai,590
Kharghar,1175
Kharghar,1120
Kharghar,954
Kharghar,1115
Kharghar,1677
Kharghar,641
Kharghar,1254
Khar,525
Kharghar,1498
Kalyan West,410
Kalyan West,565
Kalyan West,596
Jogeshwari East,350
Virar East,545
Kandivali West,665
Goregaon West,1400
Mira Road East,840
Titwala,640
Prabhadevi,310
Ambernath East,595
Andheri,1040
Dahisar East,793
Vile Parle,760
kandivali,1240
kandivali,693
kandivali,627
kandivali,1020
kandivali,1290
kandivali,1495
Ghatkopar,2200
Ghatkopar,1558
Goregaon,1415
Goregaon,1202
Goregaon West,1487
Goregaon West,1065
Goregaon,1215
Goregaon,650
Goregaon,3507
Goregaon,987
Goregaon,1040
Goregaon East,2015
Goregaon East,1502
Malad East,994
Vikhroli,900
Khar,1220
Bhandup West,555
Dombivali East,620
Marine Lines,1318
Juhu,1634
Juhu,872
Juhu,1527
Juhu,3049
Napeansea Road,3313
Napeansea Road,2436
Bandra East,1305
Bandra East,1750
Bandra Kurla Complex,5200
sec 50 new,1000
Marol,1411
Vakola Pipeline Road,1000
Neral,860
Thane West,2998
Panvel,755
Mira Road East,1137
Khar West,1500
Shil Phata,700
Shil Phata,650
Malad East,1080
Kalwa,1051
Andheri East,903
Vangani,690
Ville Parle East,1400
Chembur,1500
Andheri West,400
Kamothe,1095
Kharghar,2400
Palava,1350
Palava,750
Palava,1150
Palava,650
Palava,900
Juhu,1800
Santacruz West,1780
Khar West,2800
Dombivali,700
Malad East,806
Grant Road West,2000
Karanjade,640
Sector-8 Ulwe,675
Taloja,950
Taloja,671
taloja panchanand,1050
Badlapur East,910
Kalyan West,980
matunga east,1296
matunga east,1150
matunga east,850
matunga east,560
Badlapur East,920
Badlapur East,660
Goregaon West,922
Ulwe,1095
Ulwe,925
Ulwe,725
Chembur,575
Ulwe,1355
Ulwe,1750
Mulund East,550
Dahisar,450
Badlapur West,690
Badlapur East,1050
Badlapur East,710
Badlapur East,1040
Ambernath East,994
Ambernath East,993
Ambernath East,925
Ambernath East,918
Ambernath East,650
Malad East,1350
Vasai,915
Andheri West,1400
Kandivali East,2400
Malad East,1100
Borivali West,800
Malad East,1000
Thane West,900
Thane West,905
Thane West,625
Malad West,1630
Goregaon West,1100
Malad West,1350
Malad West,1601
Malad West,1340
Borivali West,600
Dahisar West,1100
Kandivali West,640
Jogeshwari West,1450
Malad West,1390
Mira Road East,981
Mira Road East,1060
Mira Road East,756
Mira Road East,980
Mira Road East,720
Mira Road East,531
Santacruz East,760
Andheri West,650
Andheri East,750
Dahisar,1100
Borivali West,500
Dharavi,650
Ambernath East,1010
Kharghar,1215
Kharghar,2700
Ville Parle East,1500
Ville Parle East,1700
Ville Parle East,700
Ville Parle East,1100
Ville Parle East,900
Ville Parle East,600
vile parle west,1100
Ville Parle East,1800
Ville Parle East,1850
Ville Parle East,1200
Andheri East,1150
Andheri East,1000
Andheri East,1300
Ville Parle East,950
Ville Parle East,690
Ville Parle East,665
Ville Parle East,720
Andheri East,550
Ville Parle East,450
Ville Parle East,1278
Ville Parle East,710
Powai,1500
Powai,1155
Powai,1445
Powai,1150
Badlapur East,1025
Badlapur East,730
Kandivali East,2700
Malad West,728
Anjurdive,450
Badlapur East,610
Malad West,1066
Borivali West,1650
Mira Road East,1045
Worli,6900
Kalyan West,999
Bandra West,1800
Malad West,1010
Vasai east,450
Kalyan West,695
Bandra West,750
Vasai,1145
Vasai West,1975
Dombivli (West),540
Ulwe,1050
Santacruz West,1000
Kandivali East,1090
Malad West,1000
Bhayandar East,1040
Bhayandar East,645
Ulwe,655
Mira Road East,1000
Kandivali East,1750
Kandivali East,995
Kandivali East,1655
Goregaon West,1205
Mira Road East,769
Jogeshwari West,635
Juhu,2160
Kandivali West,864
Sion,1080
Goregaon East,1100
Ulwe,1105
Mira Road East,1020
Andheri West,800
Andheri West,750
Goregaon East,2100
vile parle west,1400
Uran,1125
Greater Khanda,600
Ulwe,1127
Ulwe,1125
Mira Road East,715
Kandivali East,1100
Juhu,5460
Andheri East,600
Ulwe,1097
Ulwe,688
Ulwe,667
Bhandup West,1740
Dombivli (West),645
Koper Khairane,870
Thane West,1228
Thane West,471
Ville Parle East,500
Juhu,1250
Chembur,510
Bandra West,550
Powai,740
Kandivali East,515
Powai,750
Malad West,580
Ulwe,679
Malad West,900
Koper Khairane,620
Powai,595
Powai,585
Kandivali East,1325
Borivali West,1250
Bandra West,1824
Dahisar,950
Powai,980
Ulwe,697
Powai,1050
Thane West,1050
Boisar,780
Belapur,5000
Malad West,1050
Thane West,850
Kandivali West,750
Jogeshwari West,1500
Jogeshwari West,1050
Malad West,1101
Malad West,872
Panvel,560
Powai,2020
Thane West,945
Powai,985
Panvel,1300
Airoli,495
Ulwe,678
Ghansoli,660
Prabhadevi,1000
Ulwe,665
Shil Phata,480
Ulwe,1055
Palava,1287
Sion,980
Malad West,826
Ulwe,1075
Malad West,742
Juhu,2570
Malad West,720
Malad West,1400
Mira Road East,360
Andheri West,1550
Dombivli (West),1050
Kandivali West,840
matunga east,900
matunga east,1000
Ulwe,800
Malad East,1850
Belapur,1127
Andheri West,1850
Borivali West,3000
Borivali East,1450
Ulwe,1565
Kandivali East,700
Dahisar West,560
Malad West,1140
Malad West,1150
Mira Road East,950
Thane West,981
Thane West,915
Thane West,883
Thane West,879
Thane West,928
Thane West,919
Thane West,800
Thane West,1012
Thane West,766
Ambernath West,728
Mulund West,600
Kandivali East,1250
Kandivali East,1780
Kandivali East,465
Kandivali East,780
Kandivali East,365
Borivali West,1200
Borivali West,1050
Dahisar East,600
Malad West,548
Dahisar,580
Nala Sopara,575
Malad West,823
Nala Sopara,585
Andheri West,960
Juhu,4320
Nala Sopara,620
Malad West,450
Mira Road East,615
Kalwa,2500
Kandivali West,680
Malad West,350
Malad West,200
Malad West,220
Malad West,225
Kandivali West,450
Malad West,1600
Kandivali East,1120
Dombivli (West),725
Goregaon West,780
Dahisar West,550
Vashi,860
Khar West,1196
Khar West,775
Powai,840
Kanjurmarg East,500
Santacruz West,1266
Santacruz West,1440
Santacruz West,900
Kandivali West,1242
Kandivali West,888
Ulwe,2905
Borivali West,550
Chembur,1010
Vikhroli,1180
Kurla West,1120
Ulwe,1850
Kurla West,1050
vile parle west,550
Dronagiri,1000
Dahisar,640
Dronagiri,660
Dronagiri,1050
Ulwe,1700
Juhu,1080
Dahisar,600
Thane West,670
Goregaon East,2195
Thane West,1206
Thane West,1800
Dronagiri,735
Sewri,610
Powai,995
Powai,578
Powai,970
Dahisar West,1200
Ghatkopar West,850
Koper Khairane,1075
Andheri West,1166
Andheri West,788
Koper Khairane,675
Borivali West,650
Dahisar,850
Malad West,1596
Borivali West,899
Thane West,735
Thane West,540
Thane West,570
Thane West,1300
Thane West,1022
Malad West,340
Borivali West,1000
Andheri East,850
Andheri West,790
Andheri West,1193
Andheri West,1250
Juhu,2040
Malad West,1135
Dahisar,750
Bhayandar East,600
Dronagiri,1175
Chembur,520
Juhu,1620
Thane West,826
Thane West,847
Thane West,1020
Juhu,864
Juhu,780
Juhu,1020
Ulwe,1240
Matunga,1130
Mira Road East,1053
Ulwe,1660
Dahisar,354
Dahisar,510
Thane West,520
Thane West,783
Thane West,1600
Thane West,685
Thane West,683
Virar East,715
Borivali West,580
Goregaon East,2300
Dombivali East,700
Dombivali East,900
Dombivli (West),350
Borivali West,1670
Borivali West,712
Powai,2050
Mulund West,2600
Powai,1250
Borivali West,750
Borivali West,360
Dronagiri,1540
Malad West,640
Thane West,350
Malad West,550
Goregaon (East),1405
Malad West,365
Malad East,700
Goregaon East,1190
Kandivali West,830
Prabhadevi,800
Malabar Hill,1030
Goregaon East,1862
Goregaon East,3000
Chembur,950
Andheri West,1792
Goregaon East,1330
Goregaon East,600
Goregaon East,970
Goregaon East,1456
Malad East,2310
Andheri East,900
Goregaon East,1050
Malad East,1155
Borivali West,742
Ambivali,1095
Goregaon East,1290
Malad East,630
Malad West,1125
Goregaon East,1660
Borivali West,756
Goregaon West,1485
Goregaon West,1150
Nalasopara East,580
Worli,3582
Worli,3182
Borivali West,1100
Nala Sopara,665
Uran,650
Ulwe,680
Ulwe,450
Thane West,588
Thane West,902
Thane West,590
Powai,910
Thane West,615
Thane West,645
Mulund West,720
Borivali West,630
Borivali West,1500
Dahisar,890
Dahisar West,410
Dahisar West,585
Dahisar West,610
Dahisar East,580
Dahisar,820
Dahisar,595
Dahisar East,1020
Kandivali West,1614
Vasai West,500
Vijay Nagar,860
Powai,1130
Jogeshwari West,500
Dahisar East,590
Dahisar East,785
Dahisar,780
Borivali West,710
Dahisar,1044
Mira Road East,1100
Kandivali West,1555
Borivali West,1700
Borivali West,400
Borivali West,325
Borivali West,635
Mulund West,950
Thane West,705
Palghar,569
Palghar,387
Palghar,646
Virar,518
Virar,412
Virar,426
Virar,536
Virar,579
Virar,532
Virar,433
Chembur,1285
Koper Khairane,1080
Koper Khairane,650
Borivali West,2400
Greater Khanda,950
Chedda Nagar,775
Khar West,1600
Sion,880
Borivali West,697
Borivali West,935
Dahisar,1196
Kurla West,695
Kurla West,575
Kurla West,1350
Kurla,725
Kurla,720
Kurla,700
Kurla,750
Kurla West,900
Kurla West,690
Kurla,680
Kurla West,1100
Kurla,1676
Kurla East,750
Thane West,239
Thane West,283
Thane West,352
Thane West,440
Jogeshwari West,1350
Borivali West,515
Malad East,570
Malad East,820
Kalyan East,855
Kalyan East,600
Kalyan East,880
Dombivali,600
Kandivali West,580
Malad East,425
Sion,1950
Bandra East,425
Thane West,400
Thane West,599
Manpada,1552
Thane West,958
Thane West,1174
Thane West,419
Thane West,931
Santacruz East,350
Powai,1700
Borivali West,680
Kandivali West,950
Malad West,1280
Goregaon West,704
Andheri East,300
Malad West,495
Ulwe,550
Malad West,525
Borivali West,675
Mira Road East,540
Kamothe,1110
Andheri West,3000
Mira Road East,900
Mira Road East,1500
Mira Road East,1080
Kharodi,450
Wadala,1086
Wadala,925
Wadala,505
Ghatkopar West,1046
Ghatkopar West,1507
Thane West,1260
Thane West,1240
Thane West,1230
Borivali West,646
Borivali West,1056
Borivali East,858
Borivali East,1043
Thane West,749
Thane West,746
Andheri West,707
Andheri West,944
Kandivali East,614
Juhu,1104
Ghatkopar West,686
Ghatkopar West,1182
Ville Parle West,750
Wadala,1620
Badlapur East,655
Badlapur West,700
Badlapur East,700
Vangani,610
Badlapur East,820
Ambernath West,910
Ambernath West,550
Badlapur West,650
Mira Road East,1170
Mira Road East,1026
Mira Road East,1341
Mira Road East,1010
Mira Road East,775
Mira Road East,1386
Mira Road East,788
Mira Road East,1365
Mira Road East,1046
Bhayandar East,999
Mira Road East,677
Mira Road East,730
Mira Road East,1048
Mira Road East,982
Mira Road East,770
Shil Phata,621
Shil Phata,525
Shil Phata,424
Andheri West,923
Andheri West,930
Dombivli (West),1015
Ville Parle West,1259
Borivali West,300
Khar,707
Khar,1195
Bandra Kurla Complex,832
Bandra Kurla Complex,965
Juhu,2800
Sector 5 Ulwe,650
Andheri West,420
Andheri West,586
Kandivali East,550
Borivali West,760
Vasai West,350
Borivali West,610
Vikhroli West,585
Vikhroli West,600
Borivali West,1600
Borivali West,1350
Kandivali West,605
Virar East,615
Worli,2044
Andheri East,859
Andheri East,969
Malad West,710
Bhandup West,1015
Andheri West,1174
Andheri West,1179
Andheri West,1181
Andheri West,1234
Andheri West,1648
Andheri West,1305
Andheri West,1705
Andheri West,1142
Andheri West,1344
Andheri West,1418
Andheri West,1210
Goregaon West,700
Dahisar,560
Dahisar,720
Dahisar,721
Ghatkopar West,1050
Ghatkopar West,1053
Ghatkopar West,1054
Malad West,310
Thane West,1400
Thane West,1350
Goregaon West,711
Goregaon West,921
Goregaon West,1112
Wadala East,1042
Dombivali,1000
Andheri East,1200
Andheri West,2500
Dombivali,809
Dombivali,408
Dombivali,454
Dombivali,834
Dombivali,630
Thane West,1775
Thane West,1275
Thane West,1166
Thane West,1338
Bandra West,1118
Andheri West,2550
Andheri West,2073
Mira Road East,1150
Palidevad,550
Panvel,550
Dahisar,620
Dahisar,1010
Dahisar West,490
Chembur,430
Chembur,624
Chembur,957
Wadala,2005
Wadala,1655
Andheri West,1450
Malad West,725
Kandivali East,1473
Malad West,457
Malad West,480
Malad West,599
Malad West,669
Chembur,1350
Chembur,1039
Goregaon West,1224
Goregaon West,1859
Malad East,551
Mira Road East,930
Malad East,797
Mira Road East,1050
Mira Road East,960
Bhiwandi,1530
Bhiwandi,1490
Bhiwandi,1295
Bhiwandi,1017
Kanjurmarg,620
Kanjurmarg,650
Mira Road East,1200
Mira Road East,674
Mira Road East,995
Mira Road East,665
Goregaon East,1300
Mira Road East,1185
Mira Road East,690
Vikroli East,300
Ville Parle East,1180
Kandivali West,768
Kandivali West,355
Kandivali West,350
Kandivali West,380
Kandivali West,410
Dombivali,350
Kandivali West,335
Bandra West,833
Bandra West,1409
Bhandup West,1145
Bhandup West,1815
Andheri West,1147
Andheri West,1680
Andheri West,1500
Andheri West,2400
Mahim,815
Mahim,1096
Andheri West,667
Kandivali East,479
Kandivali East,845
Kandivali East,1202
Kandivali East,1763
Panvel,665
Andheri West,2250
Andheri West,1350
Panvel,654
Panvel,686
Panvel,732
Panvel,762
Panvel,608
Panvel,837
Panvel,682
Panvel,931
Panvel,816
Khalapur,650
Khalapur,882
Dombivli (West),750
Panvel,1200
Panvel,900
Panvel,2020
Panvel,800
Panvel,910
Panvel,950
Panvel,930
Panvel,1690
Panvel,2700
Panvel,1400
Panvel,1800
Panvel,600
Panvel,700
Dahisar West,680
Dahisar East,780
Dahisar West,625
Borivali West,950
Dahisar West,990
Dahisar East,815
Borivali West,570
Borivali West,1160
Dahisar East,485
Dahisar West,800
Malad East,768
Malad East,1055
Malad East,1466
Malad East,1906
Andheri West,3100
Goregaon East,709
Goregaon East,980
Goregaon East,1418
Goregaon West,627
Goregaon West,894
Dahisar,480
Borivali East,2800
Borivali West,420
Wadala East,955
Andheri West,2525
Ville Parle West,1350
Panvel,1440
Powai,650
Powai,600
Thane West,1220
Chembur,2800
Juhu,1500
Santacruz East,1100
Sion,961
Wadala,638
Chembur,949
Dadar East,2475
Chembur,1270
Kandivali West,980
Mulund West,1100
Panvel,675
Panvel,1051
Andheri East,670
Andheri East,890
Andheri East,1100
Andheri West,1900
Andheri West,1300
Malad East,411
Thane West,886
Thane West,1046
Thane West,1158
Thane West,1662
Malad West,729
Wadala,902
Wadala,1440
Powai,1100
Ghatkopar East,1015
Bandra West,1200
Thane West,558
Ulwe,961
Mira Road East,681
Mira Road East,1025
Mira Road East,1275
Goregaon West,941
Goregaon West,1189
Goregaon West,1710
Andheri West,1003
Andheri West,1509
Goregaon East,1035
Goregaon East,1355
Virar,581
Virar,843
Mira Road East,495
Thane West,676
Thane West,1214
Thane West,1639
Thane West,2519
Nala Sopara,550
Powai,800
Borivali West,575
Dahisar East,1300
Dahisar West,1500
Borivali West,1400
Mulund West,1654
Dahisar West,400
Dahisar West,650
Borivali West,1125
Kharghar,1031
Seawoods,615
Nerul,1310
Seawoods,605
Seawoods,1250
Seawoods,1300
Seawoods,682
Seawoods,1425
Seawoods,1092
Kharghar,1080
Kharghar,685
Khar West,1120
Kharghar,1525
Ghatkopar East,810
Ghatkopar East,642
Ville Parle East,2360
Parel,1620
Prabhadevi,3150
Ghatkopar East,335
Ville Parle East,1728
Ghatkopar West,1040
Mulund West,1560
Mulund West,927
Thane West,1835
Mulund East,600
Ulwe,1550
Ulwe,630
Thane West,1335
Bandra Kurla Complex,3100
Kharghar,1450
Goregaon West,1289
Kharghar,920
Kharghar,1220
Karanjade,1100
Thane West,500
Seawoods,1190
Chembur,1020
Deonar,750
Kurla,950
Karjat,700
Karjat,600
Karjat,962
Karjat,688
Karjat,966
Seawoods,3200
Naigaon East,610
Thane West,1153
Naigaon East,615
Goregaon West,585
Goregaon West,2664
Goregaon West,600
Goregaon West,885
Borivali West,592
Kanjurmarg East,450
Kurla West,425
Vashi,570
Kurla West,410
Kalamboli,725
Mulund West,660
Bhandup West,1264
Chembur,550
Kharghar,711
Kharghar,1270
Kandivali East,2465
Kandivali East,2095
Kandivali East,850
Thane West,1625
Thane West,1245
Naigaon East,1250
Naigaon East,1252
Kandivali East,800
Kandivali East,1200
Thane West,739
Ulwe,720
Kalyan East,1060
Kandivali East,1075
Chembur,450
Thane West,711
Thane West,863
Thane West,731
Thane West,969
Thane West,990
Chembur,662
Mulund West,1452
Malad West,685
Taloja,400
Thane West,1860
Thane West,632
Thane West,976
Worli,1500
Worli,1200
Palghar,833
Juhu,790
Palghar,967
Wadala East,800
Wadala,850
Thane West,876
Jogeshwari West,535
Thane West,1137
Taloja,900
Thane West,486
Kalyan West,1130
Kalamboli,650
Goregaon West,1600
Thane West,1000
Thane West,784
Thane West,1146
Borivali West,446
Nala Sopara,525
Dombivali East,920
Kalyan West,800
Kalyan West,1080
Kalyan West,655
Anjurdive,550
Vitthalwadi,2000
Bhiwandi,600
Andheri West,1640
Mira Road,730
Thane West,984
Chembur,750
Juhu,1850
Ambernath East,900
Dahisar,992
Powai,1450
Jogeshwari East,300
Mulund East,400
Dahisar,1984
Thane West,1249
Thane West,1461
Thane West,1044
Powai,1505
Powai,975
Powai,978
Ghatkopar West,700
Borivali West,625
Mira Road East,1390
Jogeshwari East,1820
Goregaon East,1690
Goregaon East,1200
Goregaon East,1820
Mulund East,985
Mulund East,350
Mulund East,558
Mulund East,345
Borivali West,425
Kandivali East,1150
Borivali West,975
Borivali West,585
Borivali West,590
Borivali West,1950
Borivali West,850
Kalyan West,900
Taloja,1135
Titwala,830
Kalyan West,657
Belapur,1020
Boisar,750
Sanpada,2400
Belapur,1600
Borivali West,960
Titwala,845
Boisar,810
Thane West,1090
Mira Road East,1082
Bhoiwada Kalyan,390
Dahisar,685
Thane West,1096
Thane West,960
Kalyan West,640
Powai,810
Powai,2365
Thane West,1002
Goregaon East,2500
Palghar,589
Dombivali East,500
Ville Parle East,772
Belapur,1300
Seawoods,1291
Belapur,1000
Titwala,580
Titwala,650
Bhayandar East,945
Kalyan West,1300
Kalyan West,1340
Thane West,1160
Titwala,639
Titwala,675
Thane West,1060
Kalyan West,759
Kalyan West,685
Kalyan West,1397
Worli,893
Powai,1000
Powai,1502
Dombivli (West),375
Seawoods,2110
Titwala,575
Titwala,550
Titwala,590
Malad West,1145
Bhayandar East,715
Mira Road East,785
Titwala,820
Seawoods,2500
Worli,1092
Panvel,3200
Titwala,618
Titwala,615
Titwala,609
Dombivali,710
Belapur,2200
Mira Road East,925
Thane West,1500
Mira Road East,901
Bhayandar East,675
Boisar,550
Malad West,1090
Kalyan West,970
Dombivali East,560
Titwala,670
Mira Road East,810
Thane West,924
Mira Road East,384
Thane West,1083
Ville Parle East,837
Andheri West,1100
Wadala East,513
Thane West,930
Dombivali,650
Thane West,610
Titwala,570
Titwala,565
Thane West,1489
Thane West,1490
Thane West,2000
Hiranandani Estates,2000
Hiranandani Estates,2200
Mira Road East,890
Juhu,1843
Kamothe,1050
Kalyan West,920
Ghansoli,1650
Kalyan West,635
Beturkar Pada,680
Kalyan West,975
Powai,1545
Kalyan West,1100
Kalyan West,625
Kalwa,720
Kalyan West,955
Dombivli (West),1075
Dombivali East,690
Kalyan West,620
Virar,680
Virar West,650
Malad West,700
Chembur,1278
Chembur,1787
Chembur,1496
Kamothe,1168
Kalyan West,1560
Ulwe,1156
Kandivali West,1450
Bhandup West,2066
Ulwe,1650
Powai,965
Borivali West,1140
Dombivli (West),700
Mira Road East,1160
Sanpada,2000
Sanpada,860
Sanpada,600
Thane West,910
Kurla,610
Belapur,1900
Andheri East,700
Bhandup West,2065
Bhandup West,3181
Chembur,499
Chembur,904
Dombivli (West),950
Dombivali,510
Kalamboli,925
Vikroli East,1100
Sion,826
Sion,538
Mulund West,742
Mulund West,697
Mulund West,664
Mulund West,663
Mulund West,661
Mulund West,963
Mulund West,1017
Ulwe,3400
Kandivali East,1850
Kalyan West,665
Borivali East,850
Bandra West,2255
Bandra West,1182
Ulwe,2950
Powai,885
Kandivali East,645
Belapur,1800
Belapur,1090
Malad East,1164
Sanpada,1500
Goregaon West,1435
Kandivali West,720
Powai,1600
Mulund East,650
Sanpada,1650
Kalyan West,935
Powai,1120
Borivali East,560
Kandivali East,570
Kandivali East,495
Mulund East,980
Ambernath East,625
Karanjade,685
Thane West,1130
Taloja,546
Taloja,570
Kalyan West,1140
Kalyan West,700
Kalyan West,1095
Kalyan West,1495
Titwala,960
Kalyan West,945
Kalyan West,865
Kalyan West,421
Ambivli,640
Kalyan West,585
Kalyan West,595
Kalyan West,890
Kalyan West,550
Kalyan West,880
Thane West,600
Andheri West,2780
Andheri West,2260
Andheri West,2070
Chembur,696
Chembur,503
Chembur,495
Chembur,473
Chembur,506
Chembur,698
Mira Road East,786
Mira Road East,538
Lower Parel,1040
Mira Road East,1232
Mira Road East,1385
Kalyan West,1120
Andheri West,1864
Andheri East,1450
Andheri West,1264
Kalyan West,390
Dahisar West,500
Borivali West,980
Goregaon East,659
Kharghar,1375
Kharghar,1065
Seawoods,1125
Seawoods,1231
Seawoods,1650
Kurla,500
Kalyan West,1110
Kalyan West,760
Kalyan West,1200
Powai,500
Thane West,675
Taloja,850
Dombivali,670
Borivali East,800
Kandivali East,650
Panvel,750
Thane West,480
Thane West,713
Thane West,828
Thane West,811
Thane West,848
Thane West,1234
Thane West,698
Ghatkopar West,750
Taloja,660
Thane West,508
Ville Parle East,1130
Ville Parle East,980
Goregaon East,1491
Goregaon East,1367
Ville Parle East,1890
Mira Road East,1290
Nala Sopara,555
Worli,3700
Nala Sopara,578
Ville Parle East,840
Ville Parle East,2660
vile parle west,1509
vile parle west,1073
Kalyan West,580
Kalyan West,577
Kalyan West,982
Juhu,960
Thane West,750
Thane West,528
Ville Parle East,1960
Bhandup West,1865
Kanjurmarg,1055
Kanjurmarg,1421
Bhandup West,1200
Koper Khairane,925
Santacruz East,1505
Naigaon East,850
Naigaon East,770
Dombivali,1098
Sanpada,950
Ville Parle East,320
Kanjurmarg,538
Kanjurmarg,1115
Kanjurmarg,1052
Kanjurmarg,694
Kanjurmarg,929
Kanjurmarg,656
Kanjurmarg,753
Kanjurmarg,653
Kanjurmarg,752
Kanjurmarg,652
Kanjurmarg,678
Kanjurmarg,944
Kanjurmarg,943
Vikhroli,580
Kanjurmarg,677
Vikhroli,611
Kanjurmarg,749
Kanjurmarg,649
Thane West,1730
Bhandup West,2000
Bhandup West,3975
Bhandup West,3050
Bhandup West,1585
Bhandup West,1750
Bhandup West,1475
Neral,671
Neral,661
Neral,630
Ulwe,1180
Ulwe,1379
Ulwe,675
Ulwe,1080
Ulwe,1130
Panvel,1307
Panvel,742
Panvel,1771
Panvel,1172
Panvel,993
Panvel,2621
Panvel,490
Panvel,1750
Panvel,530
Panvel,2420
Panvel,2351
Panvel,1275
Panvel,1220
Panvel,2010
Panvel,2495
Panvel,1726
Naigaon East,299
Naigaon East,252
Airoli,1050
Ghansoli,1365
Mulund West,1202
Ghansoli,1140
Ghansoli,2065
Ghansoli,1400
Ghansoli,1550
Ghansoli,1145
Ghansoli,925
Ghansoli,1050
Ghansoli,640
Ghansoli,1665
Ghansoli,695
Ghansoli,1100
Ghansoli,905
Mira Road East,1250
Taloja,500
Taloja,1150
Ghansoli,1200
Ghansoli,1205
Ghansoli,702
Thane West,1251
Badlapur East,510
Badlapur East,703
Badlapur East,841
Badlapur East,873
Badlapur East,762
Badlapur East,615
Badlapur East,535
Badlapur East,750
Badlapur East,798
Badlapur East,580
Badlapur East,505
Mira Road East,1389
Mira Road East,1098
Airoli,600
Ghatkopar West,410
Ghatkopar West,644
Ghatkopar West,450
Mira Road East,400
Mira Road East,398
Mira Road East,783
Mira Road East,571
Mira Road East,773
Mira Road East,698
Mira Road East,508
Boisar,630
Kanjurmarg,1050
Bhandup West,575
Kalamboli,3050
Kalamboli,1330
Thane West,1450
Kandivali East,1627
Kandivali East,1797
Ghatkopar West,500
Airoli,650
Mira Road East,600
Bhayandar East,650
Mira Road East,1600
Dahisar East,1050
Dombivali East,1480
Dombivali,1131
Nilje Gaon,864
Dombivali East,955
Mira Road East,528
Mira Road East,532
Mira Road East,534
Mira Road East,542
Mira Road East,510
Mira Road East,504
Mira Road East,503
Mira Road East,541
Mira Road East,526
Mira Road East,369
Mira Road East,505
Mira Road East,885
Mira Road East,575
Mira Road East,500
Mira Road East,739
Mira Road East,381
Mira Road East,424
Mira Road East,629
Mira Road East,621
Mira Road East,547
Nilje Gaon,693
Matunga,675
Hiranandani Estates,1086
Hiranandani Estates,727
Boisar,570
Hiranandani Estates,611
Kharghar,1055
Panvel,705
Panvel,1055
Thane West,1190
Virar East,575
Thane West,687
Kharghar,1705
Panvel,1140
Kanjurmarg East,723
Palghar,835
Taloja,1500
Panvel,2582
Khopoli,2857
Khopoli,1928
Khopoli,602
Khopoli,1602
Boisar,1380
Virar West,910
Boisar,930
Boisar,1160
Virar East,610
Boisar,1120
Boisar,820
Palghar,832
Airoli,780
Airoli,640
Airoli,660
Airoli,666
Airoli,700
Airoli,680
Kharghar,3500
Vasai,925
Vasai,1160
Vasai West,600
Taloje,432
Panvel,606
Panvel,428
Panvel,394
Panvel,385
Panvel,415
Nala Sopara,485
Nala Sopara,860
Nala Sopara,415
Nala Sopara,610
Nala Sopara,595
Naigaon East,385
Bhayandar East,365
Powai,660
Powai,2100
Powai,700
Boisar,795
Ville Parle East,1085
Vasai east,505
Nalasopara East,950
Nalasopara East,970
Nala Sopara,773
Nala Sopara,910
Vasai,595
Nala Sopara,635
Nala Sopara,675
Nala Sopara,950
Nala Sopara,1050
Nala Sopara,680
Nala Sopara,580
Nala Sopara,945
Nala Sopara,650
Nala Sopara,615
Vasai east,585
Vasai,535
Nala Sopara,710
Nala Sopara,655
Vasai,950
Nala Sopara,750
Vasai,695
Nala Sopara,980
Nala Sopara,846
Bhayandar East,730
Ulwe,1586
Gulal Wadi,1250
Ulwe,635
Ulwe,920
Ville Parle East,580
vile parle west,1735
Mira Road East,421
Mira Road East,584
Mira Road East,401
Mira Road East,399
Mira Road East,597
Powai,225
Boisar,740
Boisar,1200
Boisar,990
Andheri West,774
Boisar,605
Boisar,1077
Ulwe,420
Kharghar,585
Ulwe,1450
Ulwe,1653
Boisar,1105
Virar,890
Virar,910
Virar,665
Virar,830
Virar,630
Boisar,715
Panvel,430
Panvel,460
Panvel,440
Panvel,493
Ulwe,1020
Boisar,610
Kalwa,500
Thane West,620
Thane West,720
Kalwa,660
Kalwa,680
Kalwa,657
Thane West,710
Kalwa,647
Kalwa,478
Thane West,425
Palghar,846
Thane West,999
Hiranandani Estates,600
Hiranandani Estates,910
Thane West,1010
Ulwe,1123
Ulwe,1142
Airoli,675
Thane West,890
Boisar,785
Goregaon West,1088
Goregaon West,905
Boisar,840
Ulwe,656
Boisar,731
Nala Sopara,640
Thane West,761
Thane West,324
Boisar,999
Boisar,675
Boisar,620
Boisar,513
Vasai,900
Ulwe,1538
Thane West,664
Thane West,561
Thane West,564
Vasai West,1200
Vasai,748
Mira Road East,349
Mira Road East,426
Mira Road East,583
Mira Road East,455
Mira Road East,633
Mira Road East,539
Mira Road East,365
Mira Road East,630
Mira Road East,617
Mira Road East,789
Ulwe,1030
Ulwe,555
Andheri East,780
Panvel,812
Kamothe,550
Thane West,450
Panvel,848
Andheri West,713
Andheri West,708
Chembur,1090
Thane West,967
Virar East,560
Vasai West,545
Thane West,472
Thane West,1200
Dombivali,870
Dombivali,666
Dombivali,1010
Thane West,706
Thane West,1091
Thane West,762
Thane West,519
Chembur,649
Chembur,783
Chembur,623
Chembur,561
Chembur,576
Chembur,751
Chembur,731
Chembur,863
Chembur,547
Chembur,447
Chembur,699
Chembur,557
Airoli,527
Airoli,781
Virar,690
Virar,1350
Virar West,500
Nala Sopara,985
Vasai West,325
Vasai,670
Vasai West,216
Vasai West,550
Vasai West,880
Vasai West,620
Vasai West,750
Vasai,550
Vasai West,800
Vasai West,950
Vasai West,516
Nala Sopara,840
Boisar,585
Boisar,714
Boisar,935
Boisar,1050
Nala Sopara,560
Nala Sopara,900
Nala Sopara,450
Nala Sopara,630
Nala Sopara,535
Nala Sopara,800
Virar,1057
Virar,1015
Virar,600
Nala Sopara,565
Vashi,1786
Ulwe,1210
Vasai east,750
Kandivali West,405
Andheri West,926
Andheri West,934
Andheri West,810
Andheri West,1127
Kandivali East,729
Kandivali East,534
Kandivali East,553
Kandivali East,564
Kandivali East,744
Kandivali East,393
Malad East,356
Kandivali East,728
Kandivali West,565
Andheri West,890
Goregaon East,960
Kandivali East,565
Borivali East,1656
Parel,1177
Parel,1043
Parel,823
Parel,1404
Parel,940
Parel,2605
Parel,1543
Parel,825
Parel,1836
Kalamboli,1600
Karanjade,984
Virar,1335
Virar,737
Virar,510
Virar,387
Virar,615
Thane West,940
Kalyan West,966
Kalyan West,607
Kalyan West,605
Kandivali East,450
Tilak Nagar Mumbai,1300
Bhayandar East,450
Thane West,962
Borivali East,1013
Malad East,4240
Thane West,2240
Mira Road East,975
Nalasopara East,700
Thane West,641
Thane West,616
Thane West,725
Malad East,2580
Malad East,2120
Mulund West,1306
Mulund West,1118
Mulund West,1160
Mulund West,1309
Mulund West,797
Mulund West,885
Mulund West,759
Mulund West,835
Mulund West,729
Mulund West,1740
Mulund West,2160
Mulund West,1690
Mulund West,1475
Mulund West,1165
Mulund West,821
Mulund West,685
Mulund West,725
Mulund West,723
Mulund West,781
Nalasopara East,525
Mira Road East,705
Mira Road East,1102
Kharghar,1385
Andheri West,1357
Andheri West,894
Andheri West,932
Andheri West,1105
Andheri West,1335
Andheri West,1478
Thane West,765
Wadala,900
Virar,825
Bandra East,1500
Ulwe,750
Sanpada,750
Sanpada,1400
Sanpada,1215
Nerul,1215
Sanpada,506
Mulund West,1072
Mulund West,1126
Mulund West,1080
Vasai east,850
Mira Road East,685
Mira Road East,520
Virar,560
Kurla,470
Kurla,396
Kurla,459
Kurla,674
Kurla,394
Kurla,390
Thane West,684
Nala Sopara,975
Jogeshwari West,2200
Vasai east,800
Nala Sopara,1000
Vasai,685
Malad East,1072
Malad East,686
Malad East,1023
Malad East,1115
Borivali West,1122
Malad East,1266
Malad East,960
Malad East,1660
Malad East,760
Goregaon East,850
Malad East,696
Malad East,594
Malad West,709
Malad East,800
Malad East,742
Malad East,552
Malad East,490
Goregaon West,1399
Malad East,2419
Malad East,855
Malad East,1021
Malad East,1818
Kalyan West,1045
Nalasopara East,1050
Nalasopara East,975
Nalasopara East,660
Nalasopara East,670
Bandra East,1150
Santacruz East,1800
Bandra East,1100
Bandra East,1980
Bandra East,1700
Bandra East,3000
Virar,418
Virar,454
Virar,764
Virar,338
Virar,372
Vasai,960
Nala Sopara,545
Andheri West,1632
Kalyan West,1050
Virar,635
Andheri West,1200
Virar,935
Virar,805
Virar,840
Virar,905
Virar,835
Virar,865
Virar,760
Virar,595
Virar,820
Virar,660
Virar,950
Virar,755
Virar,810
Virar,915
Virar,980
Virar,880
Virar,627
Nalasopara West,620
Vasai,572
Nalasopara West,560
Virar,715
Virar,506
Bhayandar East,750
Thane West,2200
Malad East,1760
Thane West,1318
Thane West,838
Thane West,1167
Thane West,798
Goregaon East,500
Panvel,858
Panvel,1222
Panvel,894
Thane West,840
Kandivali East,310
Thane West,1630
Thane West,2250
Thane West,693
Vasai east,1250
Vasai east,600
Nala Sopara,990
Vasai east,765
Nala Sopara,1300
Kandivali West,1737
Kandivali West,1000
Mira Road East,1525
Chembur,881
Kandivali West,1150
Kandivali East,1400
Borivali East,1700
Kandivali East,1050
Borivali West,1150
Goregaon West,994
Bhiwandi,657
Mira Road East,560
Andheri East,1113
Andheri East,742
Andheri East,426
Andheri East,451
Andheri East,1124
Andheri East,878
Andheri East,678
Andheri East,716
Powai,651
Powai,928
Powai,642
Powai,735
Powai,788
Powai,1094
Powai,1020
Powai,772
Powai,1613
Powai,1023
Powai,997
Powai,645
Powai,733
Powai,744
Goregaon West,650
Powai,950
Andheri East,902
Powai,1290
Powai,1135
Seawoods,1850
Kandivali West,520
Nalasopara East,365
Nerul,1150
Mira Road East,565
Dombivali,750
Goregaon West,1299
Andheri East,560
Mira Road East,990
Thane West,1565
Malad East,2050
Powai,630
Powai,915
Powai,770
Powai,1070
Powai,1198
Kamothe,365
Dahisar,855
Borivali West,732
Thane West,932
Powai,940
Powai,1045
Powai,1444
Kandivali East,680
Powai,870
Chandivali,1050
Kandivali East,460
Powai,1350
Powai,1750
Nere,690
Santacruz East,950
Powai,1060
Powai,602
Powai,900
Andheri East,1065
Powai,555
Ghansoli,645
Kandivali East,2365
Borivali West,775
Mulund West,2000
Mulund West,1600
Powai,1300
Powai,916
Borivali West,770
Dombivali,1120
Ulwe,1155
Andheri West,900
Kalyan West,933
Vangani,425
Matunga,1170
Koper Khairane,850
Ulwe,1260
Kewale,990
Mira Road East,490
Mira Road East,530
Mira Road East,1073
Bhiwandi,1332
Sanpada,851
Sanpada,576
Sanpada,900
Sanpada,910
Sanpada,1645
Ulwe,1580
Sanpada,1435
Sanpada,1640
Sanpada,1313
Bhiwandi,1491
Sanpada,1600
Kalyan West,960
Santacruz West,600
Ulwe,695
Ulwe,1140
Thane West,901
Virar,800
Mulund West,700
Ghatkopar West,996
Ghatkopar West,1358
Malad West,771
Malad West,769
Malad West,978
Malad West,734
Malad West,733
Thane West,1075
Thane West,907
Dronagiri,640
Dombivali,774
Dombivali,990
Dombivali,1314
Dombivali,1062
Dombivali,1197
Dombivali,729
Vasai,1050
Malad West,1775
Sector 9 Airoli,873
Kamothe,2000
Andheri West,2050
Mira Road East,1180
Andheri West,1650
Powai,310
Panvel,680
Mira Road East,1412
Mira Road East,1400
Vasai,600
Diva Gaon,575
Kalyan West,1500
Bhiwandi,927
Bhiwandi,1021
Kewale,1200
Kewale,1100
Seawoods,1050
Bhiwandi,1080
Koper Khairane,1750
Belapur,1550
Dombivli (West),995
Dombivli (West),1034
Sen Nagar,1050
Kamothe,655
Sen Nagar,1125
Santacruz East,550
Malad West,1566
Belapur,1350
Belapur,1650
Mira Road East,550
Vashi,1154
Kamothe,1045
Kharghar,1715
Dombivali,665
Borivali West,2250
Mahalaxmi,550
Jogeshwari West,630
Dahisar,574
Jogeshwari West,800
Andheri East,2500
Malad West,1250
Dahisar,492
Vasai West,1350
Kandivali West,1015
Ambernath West,709
Ulwe,727
Matunga,777
Malad East,1160
Malad West,1804
Malad West,1440
Mulund West,650
Juhu,600
Andheri West,600
Dahisar,550
Vasai,800
Ulwe,1185
Ghansoli,1450
Malad West,1420
Kalyan West,570
Matunga,667
Dombivli (West),785
Chembur,850
Santacruz East,1000
Taloja,649
Kalyan West,1115
Kharghar,1005
Ghatkopar West,605
Panvel,1280
Panvel,565
Adaigaon,570
Panvel,1020
Panvel,1075
Panvel,1240
Koper Khairane,1050
Belapur,1001
Panvel,1245
Kandivali East,1052
Chembur,776
Boisar,465
Virar,1050
Juhu,1000
Ambernath East,725
Virar West,600
Koper Khairane,695
Dombivli (West),420
Andheri East,1325
Kharghar,1260
Kamothe,660
Ulwe,645
Thane West,375
Beturkar Pada,985
Bhandup West,1144
matunga east,1250
Borivali West,1800
Kharghar,1096
Parel,2604
Parel,1835
Dombivali,1150
Parel,1403
Kandivali West,900
Kamothe,1252
Goregaon West,1050
Ghatkopar West,1238
Sion,1050
Bandra East,838
Taloja,1520
Taloja,1055
Mira Road East,375
Kharghar,1227
Malad West,1550
Kharghar,1697
Dombivali East,518
Kharghar,1257
Charkop,870
Panvel,1150
Kharghar,1309
Malad West,1068
Kharghar,1820
Kalyan West,947
Dadar West,1240
Kandivali West,1400
Dombivali,315
Kandivali West,1065
Kalyan West,740
Kandivali West,975
Jogeshwari East,925
Kalwa,850
Koper Khairane,950
Ghansoli,1800
Govandi,926
Mulund West,1000
Mulund West,1050
Thane West,1550
Mulund West,1350
Dahisar,865
Vasai,514
Vasai,353
Vasai,487
Vasai,527
Vasai,342
Vasai,383
Dombivali East,450
Mulund East,627
Mulund East,613
Mulund East,581
Mulund East,593
Mulund East,799
Mulund East,598
Mulund East,649
Borivali West,525
Goregaon West,1350
Seawoods,1351
Seawoods,1440
Seawoods,1055
Seawoods,1084
Seawoods,1030
Kandivali West,560
Malad West,990
Dahisar,1200
Kandivali West,990
Malad West,1404
Borivali East,880
Kalyan West,735
Kalyan West,725
Malad West,980
Malad West,890
Mira Road East,585
Kalyan West,868
Kalyan West,676
Goregaon West,888
Goregaon West,1151
Goregaon West,1501
Santacruz East,650
Santacruz East,450
Malad East,910
Kalyan East,1700
Karanjade,975
Andheri West,954
Andheri West,1274
Andheri West,985
Mira Road East,725
Wadala,880
Kalyan East,1100
Malad West,688
Malad West,727
Malad West,716
Bandra West,2150
Bandra West,2000
Karanjade,680
Ville Parle East,547
Ville Parle East,805
Ville Parle East,845
Ville Parle East,853
Ville Parle East,895
Ville Parle East,907
Ville Parle East,930
Ville Parle East,1116
Ville Parle East,1261
Thane West,1026
Mira Road East,945
Dombivli (West),525
Mulund West,500
Thane West,1080
Kalyan West,977
Kanjurmarg,1150
Virar West,590
Nalasopara West,600
Nala Sopara,594
Nalasopara West,580
Nala Sopara,760
Nalasopara West,500
Nalasopara West,590
Nalasopara West,525
Nala Sopara,572
Nalasopara West,585
Nalasopara West,615
Nalasopara West,520
Nalasopara West,850
Nala Sopara,445
Nalasopara West,630
Nalasopara West,355
Nerul,1825
Belapur,1225
Kandivali West,829
Kandivali West,893
Mira Road East,380
Nerul,2000
Kalyan West,720
Kandivali East,575
Parel,510
Malad West,677
Malad West,614
Ambernath East,827
Naigaon East,407
Juhu,1050
Kandivali West,610
Kandivali West,907
Goregaon East,2085
Taloja,550
Thane West,334
Santacruz West,2100
Goregaon East,3600
Wadala,906
Thane West,808
Thane West,1753
Thane West,1324
Thane West,598
Thane West,991
Thane West,944
Ulwe,1059
Borivali East,372
Santacruz East,747
Koproli,790
Koproli,810
Koproli,850
Khar West,942
Koproli,870
Koproli,990
Ulwe,400
Ulwe,1335
Kandivali West,685
Kandivali West,850
Kandivali West,780
Karanjade,1035
Ghatkopar West,1350
Ghansoli,900
Malad West,1815
Chembur,825
Seawoods,1056
Dombivli (West),640
Dombivli (West),600
Kharghar,1190
Mulund West,1001
Kewale,950
Mulund West,850
Kewale,890
Panvel,1600
Kewale,870
Koproli,590
Ghansoli,700
Andheri East,802
Andheri East,652
Andheri East,1350
Andheri East,864
Andheri East,1950
Wadala,1395
Kandivali East,535
Kalwa,565
Powai,2500
Panvel,880
Santacruz West,960
Beturkar Pada,1100
Ambernath West,797
Thane West,957
Kalyan West,1545
vile parle west,840
Andheri West,1195
Mira Road East,1017
Dronagiri,555
Dronagiri,530
Syndicate,385
Kamothe,640
Powai,1340
Kalyan West,350
Koproli,550
Koproli,650
Vikroli East,750
Dahisar,1300
Santacruz East,900
Vashi,1000
Nerul,2600
Badlapur East,972
Badlapur East,672
Badlapur East,930
Goregaon East,400
Kalyan West,555
Kalyan West,1060
Gandhar Nagar,710
Kalyan West,860
Kalyan West,1431
Kalyan West,688
Kalyan West,768
Kalyan West,810
Kalyan West,964
Kalyan West,750
Ulwe,687
Jogeshwari West,880
Dahisar East,1026
Dahisar East,792
Chembur,1150
Kamothe,1103
Nala Sopara,582
Marol,1200
Kandivali East,765
Powai,1313
Kharghar,1234
Virar West,660
Borivali West,925
Dombivli (West),450
Thane West,703
Thane West,461
Thane West,577
Thane West,416
Shastri Nagar,3000
Karanjade,620
Kharghar,1900
Bandra East,2000
Byculla,325
Borivali West,560
Thane West,663
Boisar,1095
Boisar,1108
Boisar,973
Virar,362
Virar,374
Virar,535
Virar,348
Dombivali,637
Naigaon East,400
Kharghar,605
Nala Sopara,830
Andheri West,912
Seawoods,2040
Borivali East,2500
Belapur,1850
Andheri West,660
Dombivali,455
Panvel,580
Mira Road East,1460
Andheri West,1050
Andheri West,2300
Thane West,2580
Thane West,2015
Andheri West,1295
Kandivali West,1075
Ghansoli,670
Mulund East,385
Bandra West,2200
Koproli,610
Mulund East,575
Mulund East,1450
Thane West,956
Koproli,600
Juhu,950
Koproli,1100
Koproli,630
Koproli,700
Koproli,460
Andheri East,720
Kandivali West,1035
Padle Gaon,695
Koproli,690
Mira Road East,610
Koper Khairane,1800
Vashi,1800
Vashi,2050
Goregaon East,544
Kamothe,1010
Kamothe,1177
Ulwe,1548
Airoli,952
matunga east,610
Andheri West,1040
Ville Parle East,2100
Seawoods,1281
Seawoods,4250
Kanjurmarg,1054
Koper Khairane,528
Andheri West,1057
Goregaon West,830
Koper Khairane,989
Dahisar East,927
Malad East,385
Ulwe,1145
Borivali East,890
Borivali West,450
Kandivali West,828
Kalwa,330
Andheri West,950
Ambernath West,630
Ambernath West,644
Bandra West,3000
Goregaon West,980
Ambernath West,766
Vashi,1600
Vashi,1212
Andheri East,250
Panvel,650
Prabhadevi,1650
Taloja,724
Karanjade,645
Kandivali West,721
Ulwe,1635
Ghansoli,1240
Badlapur East,450
Kandivali East,660
Ulwe,1385
Sector-8 Ulwe,650
Vashi,2000
Kamothe,1150
Panvel,1125
Andheri East,475
Thane West,660
Ulwe,1158
Mulund West,644
Borivali East,595
Goregaon West,1556
Ulwe,1570
Ulwe,1157
Ulwe,1165
Ghansoli,1225
Andheri West,768
Kharghar,1162
Ulwe,879
Ulwe,1200
Goregaon East,3300
Sector 17 Ulwe,1250
Dombivli (West),380
Mulund East,1700
Mulund East,1650
Kandivali West,575
Borivali West,380
Borivali West,435
Kandivali West,525
Kamothe,2250
Kamothe,2200
Kamothe,1800
Kamothe,1500
Kamothe,1400
Kamothe,930
Koper Khairane,1500
Panvel,1010
Panvel,1050
Panvel,1110
Jogeshwari West,1100
Vasai,610
Malad West,590
Ville Parle West,940
Ville Parle West,985
Naigaon East,530
Shirgaon,700
